Workbook

Sheet Summary & Reconciliation
A1: Indian Orchards & Fruit Crops: Yield & Productivity Summary
A2: Automated Spreadsheet Reconciliation Model | Indian APY Analytics Phase 3
A4: Fruit Crop | B4: Total Area (Ha) | C4: Total Production (Tonnes) | D4: Calculated Yield (Tonnes/Ha) | E4: Benchmark Yield (Tonnes/Ha) | F4: Yield Variance (%) | G4: Productivity Status | H4: SQL Database Total Prod (Tonnes) | I4: Reconciliation Diff (Tonnes)
A5: Apple | B5: =SUMIF('District Data'!C:C, A5, 'District Data'!D:D) | C5: =SUMIF('District Data'!C:C, A5, 'District Data'!E:E) | D5: =IFERROR(C5/B5, 0) | E5: =VLOOKUP(A5, 'Crop Benchmarks'!A:B, 2, FALSE) | F5: =IFERROR((D5-E5)/E5, 0) | G5: =IF(F5>=0.002, "High Yield", IF(F5>=-0.01, "Moderate Yield", "Needs Support")) | H5: 1801939.4 | I5: =ROUND(C5-H5, 2)
A6: Banana | B6: =SUMIF('District Data'!C:C, A6, 'District Data'!D:D) | C6: =SUMIF('District Data'!C:C, A6, 'District Data'!E:E) | D6: =IFERROR(C6/B6, 0) | E6: =VLOOKUP(A6, 'Crop Benchmarks'!A:B, 2, FALSE) | F6: =IFERROR((D6-E6)/E6, 0) | G6: =IF(F6>=0.002, "High Yield", IF(F6>=-0.01, "Moderate Yield", "Needs Support")) | H6: 7092973.6 | I6: =ROUND(C6-H6, 2)
A7: Citrus | B7: =SUMIF('District Data'!C:C, A7, 'District Data'!D:D) | C7: =SUMIF('District Data'!C:C, A7, 'District Data'!E:E) | D7: =IFERROR(C7/B7, 0) | E7: =VLOOKUP(A7, 'Crop Benchmarks'!A:B, 2, FALSE) | F7: =IFERROR((D7-E7)/E7, 0) | G7: =IF(F7>=0.002, "High Yield", IF(F7>=-0.01, "Moderate Yield", "Needs Support")) | H7: 2701950.7 | I7: =ROUND(C7-H7, 2)
A8: Grapes | B8: =SUMIF('District Data'!C:C, A8, 'District Data'!D:D) | C8: =SUMIF('District Data'!C:C, A8, 'District Data'!E:E) | D8: =IFERROR(C8/B8, 0) | E8: =VLOOKUP(A8, 'Crop Benchmarks'!A:B, 2, FALSE) | F8: =IFERROR((D8-E8)/E8, 0) | G8: =IF(F8>=0.002, "High Yield", IF(F8>=-0.01, "Moderate Yield", "Needs Support")) | H8: 2328689.6 | I8: =ROUND(C8-H8, 2)
A9: Guava | B9: =SUMIF('District Data'!C:C, A9, 'District Data'!D:D) | C9: =SUMIF('District Data'!C:C, A9, 'District Data'!E:E) | D9: =IFERROR(C9/B9, 0) | E9: =VLOOKUP(A9, 'Crop Benchmarks'!A:B, 2, FALSE) | F9: =IFERROR((D9-E9)/E9, 0) | G9: =IF(F9>=0.002, "High Yield", IF(F9>=-0.01, "Moderate Yield", "Needs Support")) | H9: 1548911.4 | I9: =ROUND(C9-H9, 2)
A10: Mango | B10: =SUMIF('District Data'!C:C, A10, 'District Data'!D:D) | C10: =SUMIF('District Data'!C:C, A10, 'District Data'!E:E) | D10: =IFERROR(C10/B10, 0) | E10: =VLOOKUP(A10, 'Crop Benchmarks'!A:B, 2, FALSE) | F10: =IFERROR((D10-E10)/E10, 0) | G10: =IF(F10>=0.002, "High Yield", IF(F10>=-0.01, "Moderate Yield", "Needs Support")) | H10: 3144348.6 | I10: =ROUND(C10-H10, 2)
A11: Grand Total | B11: =SUM(B5:B10) | C11: =SUM(C5:C10) | D11: =IFERROR(C11/B11, 0) | E11: - | F11: - | G11: - | H11: =SUM(H5:H10) | I11: =SUM(I5:I10)

Sheet District Data
A1: state | B1: district | C1: crop | D1: avg_area_ha | E1: avg_production_tonnes | F1: avg_yield_t_ha
A2: Himachal Pradesh | B2: Shimla | C2: Apple | D2: 13180.39 | E2: 176764 | F2: 13.92
A3: Jammu & Kashmir | B3: Pulwama | C3: Apple | D3: 17260.63 | E3: 238808.62 | F3: 13.77
A4: Jammu & Kashmir | B4: Anantnag | C4: Apple | D4: 13323.51 | E4: 174935.65 | F4: 13.32
A5: Himachal Pradesh | B5: Kinnaur | C5: Apple | D5: 14413.12 | E5: 184174.75 | F5: 12.47
A6: Himachal Pradesh | B6: Mandi | C6: Apple | D6: 18334.37 | E6: 216549.73 | F6: 12.05
A7: Himachal Pradesh | B7: Solan | C7: Apple | D7: 15899.37 | E7: 187151.95 | F7: 11.72
A8: Jammu & Kashmir | B8: Baramulla | C8: Apple | D8: 15263.63 | E8: 175708.89 | F8: 11.64
A9: Jammu & Kashmir | B9: Srinagar | C9: Apple | D9: 15242.13 | E9: 171876.1 | F9: 11.13
A10: Himachal Pradesh | B10: Kullu | C10: Apple | D10: 13120.97 | E10: 135520.26 | F10: 10.56
A11: Jammu & Kashmir | B11: Shopian | C11: Apple | D11: 13857.47 | E11: 140449.41 | F11: 9.74
A12: Karnataka | B12: Tumakuru | C12: Banana | D12: 7667.43 | E12: 373588.54 | F12: 49.72
A13: Karnataka | B13: Chikkaballapur | C13: Banana | D13: 8361.43 | E13: 407512.6 | F13: 49.18
... A111: Maharashtra | B111: Nagpur | C111: Mango | D111: 15073.36 | E111: 117807.28 | F111: 7.99

Sheet Crop Benchmarks
A1: crop | B1: benchmark_yield_t_ha
A2: Apple | B2: 12
A3: Banana | B3: 45
A4: Citrus | B4: 14
A5: Grapes | B5: 24
A6: Guava | B6: 15
A7: Mango | B7: 10.5
